epoch,train_loss,val_loss,seconds
1,3.572136106491089,4.273456441031562,19.6
